<?xml version="1.0" encoding="UTF-8"?>
<weblogic-web-app xmlns="http://xmlns.oracle.com/weblogic/weblogic-web-app" xmlns:xsi="http://www.w3.org/2001/XMLSchema-instance" xsi:schemaLocation="http://java.sun.com/xml/ns/javaee http://java.sun.com/xml/ns/javaee/web-app_2_5.xsd http://xmlns.oracle.com/weblogic/weblogic-web-app http://xmlns.oracle.com/weblogic/weblogic-web-app/1.0/weblogic-web-app.xsd">
  <jsp-descriptor>
    <keepgenerated>true</keepgenerated>
    <debug>true</debug>
  </jsp-descriptor>
  <context-root>/OracleProject</context-root>
  <library-ref>
    <library-name>jsf</library-name>
    <specification-version>2.0</specification-version>
    <implementation-version>1.0.0.0_2-0-2</implementation-version>
  </library-ref>
</weblogic-web-app>
